103471.5,95140.62,98314.33,222343.7,56377.42,54189.7,55386.3,70504.35,67491.37,4036.532,25677.98,3716.713,35222.13,62009.85,70503.78
555848.7,513555.2,389161.2,412095.4,205084,158197.3,130374.5,163423.9,146449.6,12916.88,32174.8,11265.2,70543.49,88627.73,85079.23
581321.8,520144.3,387091.3,405832.7,227597.4,168187.5,136636,171315.9,158535.4,21898.15,31487.31,18123.98,82416.49,90665.16,84210.05
572124.1,513891.4,381883.1,400213.2,225982.2,167221.7,134603.5,170321.1,159115.8,30240.29,30627.94,24906.12,84466.98,89712.17,82438.26
563807,507066.9,376407.8,394525.9,223233,164790.8,132144.8,167038.3,157135.6,38447.89,29974.82,31036.87,83673.24,87378.99,80933.91
556696.8,500914.8,371667,389583.4,219727.8,161427.4,129981.1,164219.7,154540.9,46218.2,28771.71,36976.04,82151.91,85604.47,78928.12
549912.6,494224.9,366258.6,384031.6,216703.2,158530.3,127358.5,161566.9,151912.1,53181.2,28118.58,42302.13,80465.22,83665.63,76888.9
543355.8,487736.6,361284.1,379630.8,213265.6,155733,125457.1,158648.9,149010.1,60245.11,27224.84,47130.1,78844.67,81726.8,75150.54
536895.5,481618.2,356409.8,374282,210171.7,152769.3,123227.8,155797.2,146313,66367.17,26777.97,51536.57,77124.9,79557.94,73044.45
530402.7,475264.4,350967.9,368087,206837.2,149872.1,120736.3,153243.9,143445.2,71951.02,25987.35,55559.88,75471.28,77290.48,71306.1
524758.1,469381.2,346460.8,363855.4,204190.3,147374.5,118507.1,150524.8,141260.2,77198.51,25368.61,59429.91,73619.23,75713.13,70002.33
518754.7,463733.4,341753.4,358676,201268.3,145110.1,116638.5,147872,138494.8,82277.8,24440.49,62265.39,72263.25,73544.27,68330.84
513534.3,457715.8,337346.5,354139.7,198415,142812.4,114573.2,145285.6,135729.4,86347.95,24062.37,64832.64,70841.14,71638.29,66625.91
507694,451967.2,332872.8,349468.1,195493.1,140214.9,112671.8,142665.9,133578.5,90149.02,23340.49,67169.99,69154.45,69962.35,64987.85
502799.8,446655.5,328365.7,345304.2,192914.8,138216.9,110835.9,140112.7,131257,93041.86,22584.25,68779.3,67368.53,68483.58,63617.21
497122.7,440671.5,323724.4,339752.4,190096,135852.5,108442.8,137493,128730.6,95766.51,21931.13,70158.73,66045.64,66314.71,61678.28
491706.5,435123.9,319283.3,336062.4,187380.3,133255.1,106671.1,135138.7,126306.6,97582.94,21656.13,71346.56,64458.16,64868.8,60173.94
486714.6,429372.6,314842.1,331424.6,184870.8,131223.7,104964.9,132718.1,123814.3,98928.45,20728.01,71576.46,63036.04,63028.55,58769.88
481298.4,424058.6,310734.9,326820.2,182052,128659.6,102799.3,130363.7,121800,99803.03,20212.39,71614.78,61713.15,61089.73,56897.8
476436.9,419047.3,306894.8,322856.6,179233.1,126428.4,101060.3,128075.7,119512.6,100543.1,19696.77,71078.34,60059.53,59709.54,55426.89
471934.3,413632.3,302520.5,318621.9,176792.4,124263.9,99255.66,125820.9,117122.7,99668.48,19181.15,70733.48,58670.48,57902.15,53889.11
466192,408486.4,298313.1,313811.4,174042.3,122032.8,97451.02,123201.3,114937.7,99231.2,18493.66,70120.41,57116.08,56324.79,52384.76
461852.5,403306.9,294573.3,309746.2,171670.3,120167.9,95482.3,121278,112650.3,98154.79,18184.28,68817.63,55925.48,55010.33,50813.55
456925.8,398699.2,290399.2,305850.3,169126.5,117936.8,93874.52,118990,110499.4,97145.66,17599.91,68127.92,54404.14,53170.07,49376.07
452423.2,393889.6,286492.4,302056.1,166995.2,115605.7,92201.12,116834.6,108655.8,95699.23,16946.79,66978.41,53445.04,51395.55,48005.44
447757.4,388743.8,283086.4,298024.8,164279.5,113674.3,90527.72,114712.4,106331.4,94387.37,16706.17,65675.62,51890.64,50278.26,46267.09
443418,384337.8,279413.3,293993.4,162148.1,111676.3,89018.38,112424.4,104348.4,93210.04,15846.8,64717.68,50633.89,48372.29,44863.03
438752.3,379763.7,275807,290199.2,159810.5,109411.8,87312.17,110733.2,102160.2,91595.44,15606.17,63376.58,49310.98,47320.71,43458.97
434445,375492.3,272000.3,286811.5,157438.6,107779.2,85605.96,108544.7,100348.1,90014.46,15021.81,62265.39,48087.31,45414.74,42188.64
429843.3,370447.3,268227,282949.5,155169.8,105778.3,84096.61,106387.2,98501.84,88366.22,14540.56,61000.92,46863.63,44133.14,40684.29
425600.7,366276.8,264687.4,279358.6,152797.8,104044.3,82784.14,104229.6,96347.87,87155.27,14299.93,59506.55,45309.23,42982.98,39447.38
421521.2,362106.3,261515.2,275767.6,150838.4,102210.1,81143.55,102237.9,94399.03,85507.02,13956.19,58318.71,43953.25,41339.9,38477.91
416952.3,357498.6,258176,272413.8,148294.5,100209.3,79601.4,100478.7,92416,83791.49,13165.57,57284.15,42729.57,39729.69,36973.57
412840.2,352991.8,254836.8,268382.4,146610.1,98141.75,77960.8,98520.2,90809.06,82277.8,12787.45,55943.05,41770.47,38349.5,35636.37
408532.3,348417.6,251330.7,265299.7,144169.4,96340.98,76353.02,96727.72,88894.41,80730.46,12271.83,54755.22,40381.43,37166.48,34432.89
404779.2,344146.2,247691,261471.6,141969.3,94673.6,75040.56,94835.66,87116.52,79418.59,11790.58,53184.21,39190.82,35884.88,33396.57
400601.8,341119.2,245053,258083.9,140078.6,93206.31,73564.02,93142.76,85612.16,77433.97,11412.46,51843.11,38330.94,34669,32059.37
396816.1,336612.4,241847.4,255170.4,138084.8,91038.72,72218.74,91615.82,83492.36,76021.19,11171.83,50463.69,36974.97,33354.54,30655.32
392704,332778.2,238408,251850.5,135987.8,89671.48,70742.21,89491.39,82056.38,74810.23,10587.46,49352.49,36048.94,32072.94,29853
389081.4,328574.1,235302.5,248530.6,133753.4,87870.71,69396.93,87798.5,80586.2,72892.88,10518.71,48202.98,34825.26,30922.78,28382.08
385067.2,325108.7,232364,245786.5,132172.1,86236.68,68018.84,86006.02,78637.37,71614.65,10071.84,46785.24,33965.38,29969.79,27512.9
381314.1,321272.8,229525.8,242161.7,129937.6,84769.38,66804.8,84346.3,77030.42,70201.87,9624.972,45712.36,32510.19,28491.02,26409.71
377495.8,316965.8,226386.9,239349.9,128287.6,82668.49,65426.71,82819.38,75491.87,68318.15,9178.1,44294.63,31683.38,27308.01,25473.68
373840.6,314341.3,223548.6,236707.5,126259.4,81534.67,64147.05,81226.05,73987.49,67107.2,8628.109,42838.57,30558.92,26289.3,24571.07
370120.1,310202.6,220877.2,233557,124128,79500.48,63097.07,79499.96,72483.13,65526.22,8456.235,41727.37,29533.68,25270.59,23467.88
366791.3,306837.8,217938.7,230406.4,122409.2,78333.31,61751.78,77906.64,70910.38,64214.36,8318.736,40271.32,28508.43,24021.85,22331.27
363038.2,303338.3,215098.7,227662.4,120656,76699.28,60537.75,76578.88,69474.4,62599.75,7803.116,39351.71,27615.47,22937.42,21462.09
359611.4,299670.7,211957.9,224613.5,118696.6,75231.99,59258.09,75018.76,67764.89,61321.52,7631.242,38087.24,26524.08,21754.4,20358.9
355858.3,296204.9,209351.7,221733.9,116874.7,73597.97,58011.24,73325.85,66226.33,59942.37,7115.62,37014.36,25862.63,20637.1,19422.86
352464.2,292604.6,206879.2,219125.4,115155.9,72297.41,56698.76,71832.12,65132.25,58361.4,7012.497,35596.62,24672.03,19881.29,18386.54
349168,289138.8,204373.3,216685.9,113471.4,70596.69,55747.23,70437.96,63456.93,57251.36,6943.747,34562.05,23845.21,19059.75,17383.64
345578.1,285874.9,201867.4,213534.3,111615.1,69196.09,54434.76,68778.26,61952.56,55569.47,6462.501,33680.76,22588.46,17778.14,16614.75
341792.4,282678.4,199027.3,211230,109621.3,67528.71,53319.16,67350.91,60584.96,54526.7,6153.128,32339.66,21893.94,17055.19,15544.99
338887.8,279414.5,196421.2,208044.6,108486.9,66028.07,52269.18,66056.34,59285.72,53147.56,5878.13,31343.41,20835.63,15872.17,14608.95
335297.9,275948.7,193681.4,205367.5,106628.4,64694.16,51055.14,64529.41,57849.74,52138.43,5259.384,30155.58,20240.32,14590.57,14140.93
332295.4,272954,191643.2,202656.5,104976.3,63693.74,49972.36,63201.64,56584.7,50523.82,5431.258,29235.97,19115.86,14064.79,13405.48
329195,269690.2,188970.2,200453.8,103461.9,62359.84,48758.32,61741.1,55422.24,49346.5,4915.637,28009.82,18255.97,13013.21,12268.86
325832.4,266729.1,186698.2,198285,101534.5,60825.85,48167.71,60313.75,54191.39,48101.9,4675.014,27051.89,17495.31,12257.4,11299.39
322958.7,263599.9,184426.2,195845.1,100088.9,59692.04,46822.42,59118.76,52687.02,46823.67,4331.266,25634.15,16536.21,11140.1,10597.36
320052.3,260874.4,181987.1,193371.3,98540.05,58091.35,45805.26,57824.2,51524.55,45612.72,4193.768,24867.81,15610.18,10318.56,9962.194
316460.2,257711.4,179380.9,190321.5,97060.05,56624.06,44788.09,56098.1,50191.14,44637.22,3850.02,23909.88,14717.22,9562.747,9093.018
313553.8,255053.2,177242.5,188728.8,95683.31,55290.16,44000.61,55035.88,48994.48,43056.25,3781.271,22875.31,14088.85,8642.622,8190.409
310680.1,252058.5,175104.1,185645,93996.8,54456.47,42786.57,54073.25,47558.5,42080.76,3540.647,21725.79,13592.76,7328.159,7755.821
307414.5,249366.7,172932.3,183408.4,92585.65,53055.88,41703.79,52446.74,46737.93,40600.7,3334.399,20767.87,12468.3,6703.789,6786.353
304344.8,246001.9,170125.7,181239.6,90830.3,51555.24,40981.93,50953,45370.33,39894.31,2990.651,19733.3,11773.78,6112.28,5883.745
301503.8,243343.7,168187.8,179037,89487.99,50354.73,39866.32,50222.73,43968.53,38481.53,2887.527,18852.01,10847.75,5126.432,5415.726
298662.7,240887.4,166049.4,176631,87870.32,49254.26,39046.03,48729,43045.39,37405.12,2612.529,17932.39,10351.66,4009.138,4713.698
296050.2,237993.6,163977.8,174631.6,86665.67,47920.36,37996.05,47699.98,41814.55,36395.99,2475.03,16782.88,9425.635,3614.799,3944.81
293078.6,235369,161973.1,172347,85495.45,46853.24,36880.45,46372.21,40925.61,35151.39,1993.784,15939.9,8698.04,2891.844,3109.062
290139.5,232778.1,159868.1,170516.5,83774.52,45485.99,36125.78,45243.61,39797.33,34175.9,1821.91,14943.65,7937.375,1873.135,2774.763
287559.7,230019,157696.3,168143.7,82638.71,44552.26,34977.37,43982.23,38532.29,33234.05,1959.409,13909.09,7110.564,1084.457,1972.445
284555.4,226889.7,155557.9,166245.4,81296.39,43084.96,34157.07,42886.83,37267.26,32157.64,1684.411,13487.6,6382.97,131.4705,1236.987
281485.7,224769.9,153219.1,163330.2,79747.56,41917.8,33336.78,41758.23,36036.41,31047.6,1581.287,12108.18,5622.304,-525.9115,401.2389
278905.9,222414.5,151815.8,161669.2,78336.41,41184.16,32385.24,40596.43,35010.71,29937.55,1512.537,11341.83,4993.928,-1413.387,-167.1316
276522,219958.2,149811,160008.2,76925.25,40016.99,31466.5,39633.8,34497.86,28726.6,1237.539,10805.39,4034.828,-2037.907,-568.3635
273811.6,217602.7,147739.5,157635.4,75927.12,38749.79,30777.46,38306.04,33096.06,28154.76,893.7919,9962.416,3505.669,-2826.774,-1604.88
270872.6,214674.4,145634.5,155567.6,74206.2,37716.01,30186.85,37177.44,32138.73,26910.16,756.293,8966.169,2711.93,-3517.033,-1939.24
268129.5,212520.3,144064.1,153398.1,73070.38,36748.93,28972.81,36181.61,31249.79,25732.84,653.1687,8123.19,1918.192,-4437.378,-2741.704
265974.2,209558.3,141959.1,151635.4,71900.15,35415.03,28119.71,35185.79,29950.56,25194.64,378.1707,7088.627,1422.105,-4963.289,-3611.041
263165.8,207505.1,140088,149805,70626.66,34381.26,27365.03,34256.35,28924.86,23983.68,584.4193,6169.014,859.874,-5850.764,-4112.581
260683.9,205351,138384,147974.5,69318.77,33414.18,26675.98,33127.75,28172.67,23075.46,206.297,5517.622,363.7877,-6606.762,-4647.557
258365.4,203095.9,136579.8,146245.7,68561.55,32213.67,25888.5,32264.71,27146.97,22032.69,343.796,4483.057,-396.8268,-7066.935,-5115.661
256079.5,200470.5,134608.4,144381.3,67115.98,31346.63,24904.15,31102.91,26189.64,21158.12,412.5456,3793.348,-1025.136,-7888.671,-5784.381
253434.3,198619.3,133138.3,142110.1,65808.09,30546.29,24215.1,30040.7,25232.32,20216.26,137.5476,3256.907,-1752.652,-8480.322,-6787.462
250985.2,196296.8,131300.6,140516.9,64603.44,29212.39,23591.68,29244.04,24206.61,19240.77,103.1729,2452.246,-2480.167,-9400.666,-7121.822
248699.3,194041.7,129596.6,138991.5,63329.96,28445.4,22705.76,28082.24,23317.67,18467.1,0,1532.633,-3108.477,-9893.708,-7556.49
245956.1,191719.3,127424.8,136517,62297.4,27078.15,21885.46,26854.06,22326.15,17727.07,-343.9048,957.8752,-3703.717,-10912.66,-8292.082
243213.1,189733.4,125887.8,135127.2,60955.08,26177.77,21163.61,26156.98,21334.64,16886.13,-103.1714,229.8483,-4497.371,-11274.22,-9228.291
241286.3,187242.7,124350.9,133737.3,59750.43,25477.47,20638.62,25161.16,20582.45,15675.17,-68.78109,-727.7704,-4861.129,-12227.44,-9596.087
238967.8,185492.5,122880.7,131296.7,58752.3,24243.61,19719.89,24497.28,19454.18,15036.06,34.39034,-1647.059,-5588.645,-12950.57,-10097.63
236322.7,183170,120775.8,129432.3,57650.91,23543.31,18833.97,23269.09,18428.47,14127.84,-412.6855,-2221.615,-6382.298,-13147.79,-10833.22
234330.6,181251.5,119305.6,128110.3,56308.59,22609.58,18112.11,22372.85,17915.62,13185.98,34.39034,-3064.297,-6812.194,-14363.95,-11334.76
231293.7,178760.8,117300.9,126245.9,55172.78,21575.81,17390.25,21543,16821.54,12445.96,-171.9523,-3753.763,-7142.883,-14659.78,-11936.61
229922.1,177178.8,116131.4,124923.9,54277.9,20842.16,16898.07,20679.95,16103.54,11605.01,-103.1714,-4328.319,-8068.813,-15448.65,-12505.02
227603.6,174856.4,114561.1,123466.3,53279.77,19975.13,16110.59,19850.1,15146.22,10864.98,-309.5143,-4902.874,-8730.189,-15875.95,-12839.38
225383,173240.8,112923.9,121737.5,52212.79,18908.01,15552.79,18821.08,14394.03,9687.664,-240.7334,-5630.645,-9424.638,-16336.12,-13508.1
222803.1,170952,111420.3,120042.6,51214.66,17707.5,14929.37,17958.03,13299.95,9149.462,-309.5143,-6549.933,-9854.532,-16993.51,-14009.64
220876.4,169100.8,110017,118381.6,50147.68,17240.63,14141.88,17260.96,12889.67,8241.244,-447.0763,-7009.578,-10251.36,-17913.86,-14778.67
218688.5,166509.1,108279.5,116449.4,49046.29,15973.42,13649.71,16099.16,12000.72,7467.577,-206.3429,-7699.045,-10945.81,-18143.94,-15113.03
216761.4,165129.1,106841.6,115534.2,47876.07,15373.17,12862.22,15534.86,11214.35,6660.272,-275.1237,-8503.422,-11607.19,-19064.29,-15681.44
214376.8,162974.9,105236.5,113737.6,46809.09,14472.78,12402.86,14539.03,10359.59,5752.055,-481.4666,-9116.281,-12367.77,-19294.38,-16249.85
212188.2,161460.3,104032.6,112042.7,46189.56,13505.71,11779.43,13675.99,9470.649,5146.576,-619.0284,-9729.141,-12632.32,-20017.5,-16684.52
210358.9,159440.8,102628.1,110856.3,45122.59,13038.84,11090.39,13045.3,8547.515,4473.822,-378.2952,-10495.21,-13359.84,-20444.8,-17553.86
208268.3,157354,101123.3,109263.1,44055.62,12038.42,10434.15,12149.06,8205.613,3599.243,-550.2477,-10916.56,-13988.14,-20937.85,-18189.14
205916.4,155368.1,99451.29,107431.7,42678.88,11171.38,10073.22,11219.62,7077.338,2993.764,-962.933,-11452.81,-14616.46,-21858.19,-18423.19
203989.2,153853.5,98180.56,106006.5,42128.18,10237.65,9548.232,10456.16,6598.676,2152.822,-825.3713,-12065.67,-15377.04,-21989.67,-18891.3
201898.6,152002.3,96642.31,104920.6,40854.7,9637.394,9056.056,9759.079,5641.351,1412.793,-825.3713,-13061.56,-15674.66,-22877.14,-19325.96
200036.6,150588.6,95438.46,103122.2,40338.42,8737.01,8334.196,9194.778,4957.547,908.2277,-1238.057,-13406.3,-16038.42,-23271.58,-19827.51
197717.4,148501.8,94033.97,101493.4,39202.61,7603.193,7776.396,7933.402,4171.174,0,-1031.714,-14019.16,-17030.49,-23764.62,-20629.97
196116.8,146616.9,92562.6,100373.6,38204.48,7203.022,7317.031,7402.296,3487.37,-639.2059,-1134.886,-14555.41,-17526.52,-24027.58,-20864.02
194189.5,145135.9,91224.98,98948.45,37309.59,6636.114,6595.171,6572.441,2598.426,-1211.127,-1306.838,-15321.48,-17923.34,-24750.71,-21332.13
192131.5,142948.1,89686.73,97082.14,36380.3,5368.909,6201.43,6107.724,1948.813,-1984.902,-1616.352,-15896.04,-18353.24,-25440.96,-21499.31
190106.3,141669.1,88549.77,95758.76,35519.84,4768.653,5676.441,5045.512,1367.58,-2523.181,-1616.352,-16432.29,-18849.28,-26164.09,-21900.54
187885,139918.8,87111.84,94231.77,34521.7,4001.66,4921.77,4348.435,444.4455,-3330.598,-1616.352,-17083.45,-19841.34,-26427.05,-22168.03
186088.4,138135,85540.15,93179.85,33489.14,3334.709,4757.711,3717.746,-307.5731,-4037.089,-1685.133,-17887.83,-20172.03,-26985.83,-22602.7
184618.5,136654,84269.42,91856.47,32697.52,2767.801,4134.288,3020.669,-1059.419,-4508.083,-1616.352,-18462.38,-20668.06,-27577.48,-23037.36
182462.5,134802.8,83165.89,90261.61,31802.64,2000.808,3674.923,2323.593,-1572.042,-5315.501,-1753.914,-18883.73,-21296.37,-27807.57,-23338.29
180567.9,133052.5,81627.64,89141.83,30666.83,1233.815,3313.993,1327.768,-2187.188,-6257.488,-2063.428,-19113.55,-22156.17,-28432.09,-23371.72
178052.7,131167.6,79922.19,87445.18,29875.2,0.04849324,2887.439,597.4974,-3144.083,-6526.627,-2200.99,-19688.1,-22586.06,-28925.13,-23639.21
176582.7,129383.7,79086.18,86562.92,28980.32,-466.556,2329.64,-99.58067,-3588.355,-7535.899,-2235.381,-20415.87,-22982.89,-29418.17,-23672.65
175276.1,128441.3,77982.65,85409.2,28429.62,-866.5032,1968.71,-597.4847,-4100.978,-7805.039,-2269.771,-21143.64,-23578.13,-29944.08,-23739.52
173316.2,126893,76979.45,84017.95,27775.68,-1733.055,1640.592,-1194.969,-4750.3,-8847.953,-2579.285,-21411.77,-23842.68,-30634.34,-23672.65
171421.5,125546.7,75541.52,82490.97,26880.79,-2499.62,1148.415,-2157.583,-5570.496,-9285.304,-2785.628,-21986.33,-24371.78,-31094.51,-23706.08
169167.6,123527.1,73902.95,81337.25,25985.91,-2899.566,853.1096,-2821.454,-6253.991,-9890.868,-2785.628,-22522.58,-24735.54,-31357.47,-23605.78
168057,122248.1,73401.34,79946,24884.52,-3766.118,689.0504,-3252.971,-7176.712,-10429.15,-2751.237,-22867.31,-25562.26,-31883.38,-23171.11
166129.7,120598.9,71829.65,79199.48,24127.32,-4532.684,492.1797,-3950.036,-7484.285,-11337.49,-3026.361,-23518.47,-25859.88,-32442.16,-22769.88
164594.5,118882.3,70793,77672.49,23370.11,-4965.959,131.2498,-4713.488,-7928.558,-11741.2,-2991.97,-24399.46,-26322.85,-32475.03,-22468.95
163059.2,117535.9,69622.59,76484.84,22853.83,-5565.879,-164.1077,-5344.166,-8953.802,-12212.19,-3301.485,-24667.59,-26752.74,-33461.11,-21666.49
160674.6,115987.6,68218.1,75161.45,21924.54,-6265.786,-492.3314,-6074.425,-9398.075,-12885.04,-3473.437,-24974.02,-27612.53,-33592.59,-21198.38
159335.3,114439.4,67248.34,74177.4,21132.91,-6899.035,-689.2649,-6605.522,-10184.1,-13356.04,-3576.609,-25586.88,-27645.61,-34381.46,-20128.43
157538.7,113227.6,66278.56,72854.02,20272.45,-7898.902,-919.0218,-7269.395,-10730.89,-13961.6,-3851.732,-26084.82,-28075.5,-34841.63,-19259.1
156068.7,111612,65041.27,71496.7,19584.08,-8532.151,-1280.067,-7833.685,-10935.94,-14903.58,-3920.514,-26582.77,-28703.81,-35005.98,-18389.76
154272.1,110265.7,63770.54,70342.98,18723.62,-8898.771,-1378.534,-8862.688,-11619.44,-15004.51,-4195.637,-27080.72,-29034.5,-35597.63,-17353.24
152475.5,108818.4,62366.05,69257.13,18069.67,-9831.979,-1936.514,-9327.397,-12439.63,-16081.07,-4230.028,-27655.27,-29563.6,-35729.11,-16450.47
150972.9,107437.5,61730.68,68171.27,17105.95,-10331.91,-2199.092,-9758.913,-12918.08,-16350.21,-4367.589,-28076.62,-30125.77,-36452.23,-15213.34
148817,105719.3,60192.43,66712.16,16245.49,-10898.5,-2592.96,-10555.56,-13806.63,-16787.56,-4367.589,-28459.65,-30853.29,-36813.8,-14009.64
147771.7,104405.4,59356.43,65863.83,15798.05,-11731.73,-3118.117,-11053.46,-14319.25,-17594.98,-4436.371,-28842.69,-31250.11,-37142.49,-13173.74
146465,103192.5,58453.54,65049.44,15144.1,-12298.32,-3511.986,-11617.75,-14626.82,-17965.04,-4505.151,-29800.28,-31613.87,-37405.45,-11970.04
143982.5,101609.1,57049.05,63726.05,14042.71,-12731.59,-3577.63,-12513.98,-15583.72,-18436.04,-4849.056,-29991.8,-32242.18,-37964.23,-11234.45
142937.2,100463.6,56146.16,62504.47,13560.85,-13231.53,-4201.255,-12945.5,-16027.99,-18940.68,-5021.009,-30566.35,-32539.8,-38161.45,-10131.06
141499.9,98779.13,55076.08,61622.21,12562.71,-13698.13,-4365.366,-13443.4,-16472.26,-19647.16,-5261.742,-30834.48,-33101.97,-38588.75,-9696.396
139866.6,97465.23,53972.55,60434.56,12390.62,-14698,-4857.702,-13874.92,-17224.11,-20118.16,-5364.913,-31409.04,-33267.32,-39147.53,-8659.879
138200.6,96117.63,52835.58,59348.7,11426.9,-15264.59,-5415.681,-14704.76,-17634.21,-20791.01,-5330.522,-32021.89,-33994.83,-39180.4,-7723.67
136665.4,95005.86,51999.57,58466.45,10463.19,-15597.88,-5711.082,-15169.47,-18010.13,-21228.36,-5949.551,-32290.02,-34060.97,-38917.45,-7523.055
135064.8,93725.63,51029.81,57210.93,10119,-15931.17,-6269.062,-15766.95,-18625.28,-21766.63,-5743.208,-32787.97,-34722.35,-38555.88,-6519.975
133594.8,92007.44,49792.52,55989.34,9327.376,-17031.02,-6498.818,-16596.79,-19172.07,-22136.7,-6121.504,-33132.7,-34887.7,-37734.14,-6051.87
131961.5,91198.88,48856.19,55039.22,8845.518,-17064.35,-6958.33,-16862.34,-20026.45,-22674.98,-6431.017,-33554.04,-35482.93,-35301.8,-5817.818
130622.2,89615.45,47585.46,53546.17,8088.311,-17930.9,-7385.021,-17459.82,-20299.84,-23415.11,-6327.846,-34166.9,-35747.48,-31916.25,-5149.098
128760.3,88436.3,46615.7,52697.85,7434.36,-18497.5,-7778.889,-18123.7,-20846.64,-24155.25,-6534.188,-34741.46,-36276.59,-26821.48,-4881.609
127290.3,87425.59,45880.01,51679.86,6918.083,-19130.74,-8238.4,-18721.18,-21564.31,-24121.61,-6878.094,-34894.68,-36838.76,-22318.36,-4413.505
125951,85909.55,44642.72,50967.27,6160.877,-19763.99,-8599.447,-19185.89,-22008.58,-24693.53,-7050.046,-35239.41,-36871.83,-18998.55,-4313.197
124481.1,84966.23,43907.04,49881.41,5197.16,-19897.31,-9157.427,-19484.63,-22521.21,-25265.45,-6946.875,-35813.96,-37334.79,-15744.47,-4179.453
123076.5,83382.8,42703.18,48829.5,4508.791,-20397.24,-9682.584,-20148.5,-22999.65,-25837.37,-7050.046,-36273.61,-37731.62,-13213.52,-3711.349
121606.5,82405.78,41833.74,47845.44,4164.606,-21163.81,-9879.518,-20911.96,-23375.58,-26106.51,-7669.074,-36580.04,-38194.58,-11339.96,-3611.041
120299.9,81462.46,41031.17,46793.52,3235.308,-21363.78,-10339.03,-21277.09,-23990.72,-26577.5,-7875.417,-37039.68,-38393,-10386.75,-3845.093
119254.6,79777.96,40228.61,46148.79,2822.286,-21930.37,-10732.9,-21774.99,-24503.35,-27216.71,-7531.512,-37767.45,-38922.1,-9006.233,-3711.349
117229.3,78868.33,39292.28,44757.54,2340.428,-22530.29,-11356.52,-22239.7,-24674.22,-28024.13,-7703.465,-37575.93,-39583.48,-8184.497,-3410.425
115988,77419.66,38188.75,43671.69,1755.314,-22930.24,-11881.68,-22704.41,-25289.37,-28427.83,-8081.76,-38150.49,-39583.48,-7461.369,-3310.117
114452.8,76240.51,37285.87,43264.49,1032.526,-23696.81,-12111.44,-23467.86,-26177.91,-28562.4,-8012.979,-38954.87,-39881.1,-7099.805,-3343.552
113342.1,75229.8,36516.74,41941.11,585.0858,-24296.72,-12439.66,-23700.21,-26519.66,-29134.32,-8356.884,-38993.17,-40211.79,-6541.023,-3410.425
111904.8,74252.8,35346.33,40889.19,-0.04130145,-24530.03,-13063.29,-24397.28,-26963.93,-29470.75,-8460.055,-39337.91,-40244.86,-6738.24,-2708.269
110565.5,73039.95,34343.13,40006.93,-895.0002,-24996.63,-13194.57,-24994.77,-27408.21,-29807.17,-8975.912,-39682.64,-40145.65,-6705.371,-2574.524
108768.9,71591.28,33674.32,38751.41,-1239.215,-25463.24,-13916.66,-25393.09,-28194.22,-30614.59,-8563.227,-40410.41,-39947.24,-6738.24,-2407.344
107755.5,70614.27,32470.47,38276.35,-1721.116,-26229.8,-14080.78,-25658.64,-28604.32,-30883.73,-8941.521,-40563.63,-39318.93,-7132.673,-1939.24
106610.9,69098.22,31701.35,37326.23,-2684.918,-26463.1,-14638.76,-26588.06,-28911.9,-31691.14,-9079.084,-41099.88,-38062.31,-6902.587,-2139.856
105335.5,68289.66,30999.1,36342.17,-2994.711,-26996.37,-14901.33,-26886.8,-29561.22,-32128.5,-9285.427,-41023.27,-36475,-7132.673,-2307.036
103602.3,66908.37,30029.34,35425.98,-3235.662,-27662.95,-15623.43,-27451.09,-29663.74,-32532.21,-9698.112,-41559.52,-33201.18,-7132.673,-1805.496
102425,66133.5,29126.45,34509.8,-3820.827,-28229.54,-15853.18,-27583.87,-30552.29,-32700.42,-9388.598,-42057.47,-29828.15,-7034.066,-2006.112
100986,64853.27,28290.44,33831.14,-4887.894,-28362.85,-16148.58,-28413.71,-30996.56,-33104.13,-9526.16,-41865.95,-25892.95,-6902.587,-1872.368
99481.73,63741.51,27253.79,32677.42,-5094.422,-29162.75,-16772.21,-28745.64,-31167.43,-33945.19,-10007.63,-41214.79,-22189.23,-7264.151,-2072.984
98631.45,62730.8,26584.99,31761.22,-5679.588,-29462.71,-17231.72,-29376.32,-31680.05,-34113.4,-10042.02,-40487.02,-19742.14,-6771.109,-2072.984
97356.05,61652.72,25748.98,30845.04,-6195.911,-29862.66,-17592.77,-29741.45,-31953.46,-34819.89,-10145.19,-39184.69,-17791.07,-6705.371,-2474.217
96211.45,60675.71,25247.38,29928.85,-6815.497,-30029.3,-17986.63,-30073.38,-32602.78,-34752.61,-10317.14,-37729.15,-16005.35,-6771.109,-2206.728
94510.91,59328.11,24010.09,29148.39,-7366.242,-30829.2,-18347.68,-30803.64,-33081.22,-35560.02,-10317.14,-36273.61,-14748.73,-6310.937,-2440.781
93856.85,58519.55,23541.93,28300.07,-7951.406,-31429.11,-18708.72,-30936.42,-33388.8,-36064.66,-10661.04,-34932.98,-13359.84,-6771.109,-2340.472
92287.13,57609.92,22639.04,27519.61,-8570.994,-31429.11,-19365.17,-31567.09,-34208.99,-36064.66,-10729.83,-32941.18,-12433.91,-6771.109,-2407.344
90913.6,56430.77,21468.63,26671.28,-9362.688,-31962.38,-19529.28,-32065,-34345.69,-36569.3,-10901.78,-31140.91,-11937.88,-6343.806,-2607.961
89736.3,55386.38,20900.15,26264.09,-9706.902,-32295.67,-20152.91,-32430.13,-34995.02,-36905.72,-10936.17,-29838.58,-11011.94,-5982.242,-2574.524
88689.82,54038.78,19930.38,24771.04,-10360.91,-33028.9,-20645.24,-32994.42,-35473.46,-37309.43,-11039.34,-27885.1,-10416.7,-6146.589,-1838.932
87152.79,53297.6,19027.49,24262.04,-10911.66,-33462.18,-20776.53,-33525.52,-35439.29,-37814.06,-11073.73,-26621.07,-10185.22,-5982.242,-2173.292
86139.01,52219.52,18392.13,23583.39,-11496.82,-33728.81,-21432.98,-33824.26,-36225.3,-38116.84,-11452.03,-24782.5,-9953.74,-6113.72,-1838.932
85027.12,51242.51,17790.2,22633.26,-11806.61,-34528.7,-21597.09,-34488.13,-36362,-38789.7,-11245.68,-23709.99,-9887.602,-5883.634,-2039.548
83686.3,50602.39,16820.44,21717.07,-12563.89,-34595.36,-22253.54,-34454.94,-36703.75,-39260.69,-11348.86,-22139.54,-9821.464,-5850.764,-1738.624
82541.7,49355.86,16285.39,21004.48,-13149.05,-35028.64,-22319.18,-35317.97,-37250.55,-39327.97,-11486.42,-20952.13,-9523.845,-6146.589,-1671.752
81331.7,48311.47,15349.07,20156.16,-13734.22,-35361.93,-22745.87,-35716.29,-37660.65,-39933.54,-11108.12,-19994.54,-9887.602,-5785.025,-1504.572
80252.52,47536.6,14479.62,19341.77,-14250.54,-35795.2,-23139.74,-36048.23,-38070.75,-40269.96,-10661.04,-18653.9,-10119.08,-5752.156,-1604.88
78944.41,46357.45,13576.73,18493.45,-14835.7,-36295.14,-23632.07,-36380.16,-38549.2,-40303.6,-10661.04,-17887.83,-10218.29,-5686.417,-1571.444
77996.02,45616.27,13376.09,17746.92,-14938.97,-36761.74,-23993.12,-36778.49,-38925.13,-40202.68,-9904.455,-17160.06,-10152.15,-6146.589,-1604.88
77113.05,44437.12,12372.89,17102.2,-15455.29,-37361.66,-24386.99,-36977.65,-39506.1,-40438.17,-9870.064,-16355.68,-10317.5,-5883.634,-1471.136
75935.75,43561.18,11770.96,16627.13,-16315.83,-37428.32,-24813.68,-37741.1,-39506.1,-40202.68,-9663.722,-15589.61,-10548.98,-5686.417,-1471.136
74431.42,42584.17,10901.51,15405.55,-16591.2,-37794.93,-25437.3,-38006.65,-40018.72,-40269.96,-9251.036,-15053.36,-10416.71,-5949.373,-1571.444
73286.83,41371.33,9931.748,14794.75,-16969.84,-38628.16,-25601.42,-38338.59,-40599.69,-40000.82,-8907.132,-14402.19,-10813.53,-5850.765,-1671.752
72436.56,40798.59,9630.786,13912.5,-17761.53,-38594.83,-26028.1,-38736.91,-40941.44,-39765.32,-8803.96,-14019.16,-10747.39,-5752.157,-1571.444
71193.85,39754.2,8727.899,13505.3,-18312.28,-39228.08,-26356.33,-39367.59,-41112.31,-39529.83,-8494.446,-13827.64,-10813.53,-5982.243,-2072.984
69983.85,38844.57,7724.692,12623.05,-18863.02,-39361.39,-26979.95,-39566.75,-41624.93,-39361.62,-8803.96,-13559.51,-10945.81,-5916.504,-1805.496
69035.47,37833.86,7323.41,11740.79,-19069.55,-39961.31,-26947.13,-39998.27,-41624.93,-39731.68,-8356.884,-13674.42,-11441.84,-5719.288,-2307.036
67825.48,37059,6286.761,11130,-19551.45,-40327.93,-27439.46,-40297,-42171.73,-39798.96,-8666.398,-14134.07,-11673.32,-5160.506,-2373.908
66942.49,36351.5,5584.516,10044.14,-20033.35,-40427.92,-27866.15,-40927.68,-42410.96,-40438.17,-8184.932,-14708.62,-11871.74,-5259.115,-2307.036
66059.52,35239.73,4982.591,9535.149,-20687.36,-41061.17,-28391.31,-41126.84,-42479.31,-41413.8,-8047.37,-14670.32,-11871.74,-4568.856,-2139.856
64849.52,34498.55,4414.107,9026.155,-21134.84,-41361.13,-28719.54,-41425.59,-42855.23,-41851.15,-8150.541,-15015.05,-11408.77,-4864.681,-2273.601
63901.14,33824.75,3845.624,8279.631,-21685.58,-41561.1,-28982.12,-41823.91,-42479.31,-42557.64,-7290.779,-15474.7,-11342.63,-4470.248,-2474.217
62789.25,32578.22,3043.058,7295.576,-22133.06,-41994.38,-29408.81,-42288.62,-42137.56,-43264.14,-7187.608,-15551.3,-11144.22,-3977.206,-2373.908
61579.25,31870.73,2340.813,6888.38,-22614.96,-42460.98,-29507.27,-42852.91,-41214.84,-43836.05,-6946.875,-15781.13,-10945.81,-4141.553,-2574.524
60565.46,31028.48,1571.687,6209.721,-22752.65,-43060.9,-29999.61,-42852.91,-39676.97,-43836.05,-6602.97,-15474.7,-10813.53,-3747.119,-2674.832
59682.49,30186.23,1136.964,5463.196,-23647.61,-42927.59,-30229.36,-43516.78,-37079.68,-43836.05,-6499.799,-15168.27,-10515.91,-3648.511,-2541.088
58570.59,29310.29,501.599,4750.605,-23922.98,-43727.48,-30951.45,-44081.08,-35131.72,-43869.7,-6018.333,-15206.57,-10515.91,-3517.033,-2674.832
57491.4,28400.66,-167.1801,4173.746,-24336.04,-43960.79,-31017.1,-44313.43,-33422.98,-43196.85,-5708.818,-15053.36,-10780.46,-2793.905,-2875.448
56771.94,27592.09,-769.0283,3427.22,-25093.31,-44127.43,-31410.96,-44313.43,-31645.89,-42624.93,-5846.379,-14861.84,-10780.46,-2530.949,-2641.397
55529.24,26985.67,-1671.801,2714.629,-25196.57,-44727.35,-31443.79,-44910.92,-30039.67,-41245.59,-5880.77,-14134.07,-10548.98,-2629.557,-2541.088
54744.38,25974.97,-2106.469,2103.836,-25506.37,-45060.64,-31706.37,-45043.69,-28809.38,-40337.24,-5743.208,-13942.55,-10945.81,-2235.124,-2607.961
53534.37,25233.79,-2574.573,1289.445,-26263.64,-45460.59,-31772.01,-45309.24,-26588.02,-38924.26,-6087.113,-13521.21,-10879.67,-2005.037,-2106.42
52847.62,24290.47,-3276.729,1085.848,-26848.81,-45493.91,-32001.77,-45873.53,-25665.29,-37847.71,-5777.599,-13329.69,-10780.46,-1906.429,-2373.908
51801.13,23650.36,-4146.065,135.7252,-27193.02,-45860.53,-31575.08,-46172.27,-24400.83,-36434.72,-5949.551,-12755.13,-10780.46,-1906.429,-2206.728
50787.34,22909.18,-4547.298,-475.0433,-27606.08,-46460.45,-31410.96,-46271.85,-24024.9,-34584.39,-5811.989,-12487.01,-10548.98,-1479.126,-2407.344
49773.56,22100.62,-5249.454,-1051.881,-28087.98,-46560.44,-31214.03,-46736.56,-23478.11,-33440.55,-5846.379,-12027.36,-10284.43,-1610.604,-2307.036
48955.99,21359.44,-5851.302,-1764.446,-28638.72,-46927.06,-30327.83,-47433.63,-23170.53,-31993.93,-6224.674,-11261.29,-10218.29,-1347.648,-2373.908
48007.61,20281.36,-6453.15,-2307.353,-29086.2,-47060.38,-29737.03,-47367.24,-22965.48,-31018.3,-6224.674,-10954.86,-10052.95,-1084.692,-1972.676
47059.23,19674.94,-6954.691,-2952.054,-29499.26,-47560.31,-29014.94,-47732.37,-22726.26,-29437.11,-6224.674,-10456.91,-9623.052,-1281.909,-1972.676
46012.74,19034.82,-7690.282,-3698.55,-29809.05,-47793.61,-28785.18,-47367.24,-22589.56,-28495.12,-6293.456,-10571.82,-9259.293,-1380.517,-1939.24
45293.28,18158.88,-8158.387,-4411.115,-30153.27,-48126.9,-27997.45,-47002.11,-22692.09,-27452.2,-6087.113,-9882.355,-8928.605,-1117.562,-2139.856
44115.98,17384.01,-8927.415,-4920.089,-30669.59,-48460.19,-26651.73,-45541.59,-22589.56,-25938.29,-6431.017,-9805.748,-8531.777,-1446.257,-1805.496
43134.9,16710.21,-9629.571,-5462.996,-30979.38,-49026.78,-26586.08,-43616.36,-22521.21,-24895.38,-6362.236,-9269.496,-8168.019,-1577.734,-1671.752
42121.11,15699.51,-10030.8,-6379.151,-31426.87,-49326.74,-25699.88,-38272.2,-22760.43,-24087.96,-6052.722,-9077.978,-8134.952,-1249.04,-1437.7
41499.76,15194.16,-10231.42,-6752.399,-31667.81,-49460.05,-25141.9,-33558.71,-22589.56,-23213.26,-5983.941,-9001.37,-7671.986,-1610.604,-1504.572
40485.98,14318.22,-11201.06,-7261.374,-32390.67,-49660.03,-24321.35,-29608.67,-22350.33,-22372.2,-5571.256,-8963.066,-7506.642,-1511.995,-1303.956
39799.22,13812.87,-11602.3,-7872.144,-32493.93,-49860,-24452.63,-27783.03,-22145.29,-21699.35,-5708.818,-8503.422,-7308.229,-1774.951,-1337.392
39047.06,12701.1,-12271.02,-8516.845,-32769.3,-50159.96,-23796.18,-25890.99,-21837.71,-20992.86,-5743.208,-8656.637,-6679.919,-1742.082,-1036.468
38262.19,12566.34,-12571.94,-9331.205,-33457.73,-50193.29,-23106.92,-25094.35,-21940.24,-20723.72,-5433.694,-8311.904,-6514.575,-1709.212,-1270.52
37379.22,11454.57,-13173.79,-9568.727,-33423.31,-50659.89,-22811.52,-24530.06,-21290.92,-19680.81,-5296.132,-8350.207,-6283.093,-1873.559,-1170.212
36332.73,10915.53,-13641.89,-10450.95,-34180.59,-50359.94,-22089.43,-23965.76,-21530.14,-19613.52,-5192.961,-8196.992,-5853.197,-2202.254,-936.1596
35645.97,10140.66,-14377.49,-11027.79,-34455.96,-50226.62,-21859.67,-23567.44,-20778.29,-18705.18,-5124.18,-8120.385,-5820.127,-1873.559,-1003.032
34697.59,9500.545,-14879.03,-11163.51,-35041.12,-50159.96,-21728.38,-23235.51,-20641.59,-18099.62,-4642.713,-7775.652,-5720.921,-2037.907,-768.9796
33716.51,8961.506,-15681.49,-11876.08,-35213.23,-49893.33,-21859.67,-22770.79,-20197.32,-17594.98,-4814.666,-7737.348,-5456.37,-1544.865,-702.1074
33225.97,8018.184,-16216.47,-12385.05,-35660.71,-49426.73,-21334.51,-22339.28,-19821.4,-17191.27,-4470.761,-7392.615,-5489.438,-1742.082,-601.7996
32310.29,7310.694,-16483.96,-12995.82,-35901.66,-49360.07,-20809.35,-21509.44,-19137.9,-16720.28,-4367.589,-7201.097,-5324.094,-1413.387,-501.4917
31460.02,6502.132,-16952.06,-13538.73,-36349.14,-48426.86,-20940.64,-21409.86,-18761.98,-16081.07,-4436.37,-7392.615,-4894.198,-1479.126,-936.1596
30609.75,6266.303,-17453.6,-14149.5,-36590.09,-47893.6,-20513.96,-21077.92,-18249.36,-15677.36,-3886.123,-7124.49,-4497.372,-1742.082,-635.2356
29955.7,5322.981,-17821.4,-14454.89,-37175.25,-46627.1,-20152.91,-20580.02,-17702.56,-15004.51,-4023.684,-6703.149,-4497.372,-1577.734,-401.1834
28974.61,4986.081,-18590.42,-15201.38,-37588.31,-45293.94,-20087.26,-19750.18,-16916.54,-14365.31,-3782.951,-6971.275,-4232.82,-1249.04,-735.5435
28353.26,4345.97,-18724.17,-15642.49,-37622.73,-42094.37,-19890.33,-18953.53,-16130.52,-14197.1,-3817.342,-6588.238,-4166.682,-1314.779,-200.5672